{
  "qwen15b": {
    "a": 6.112341375507249,
    "c": 0.00017429590260869458,
    "c_lo": 0.00017193738086956567,
    "c_hi": 0.00017726385478260832,
    "pmax": 5999,
    "drift": 0.1710639271457228
  },
  "qwen05b": {
    "a": 3.6703904027536214,
    "c": 8.457267130434838e-05,
    "c_lo": 8.273644173913028e-05,
    "c_hi": 8.75799860869564e-05,
    "pmax": 5999,
    "drift": 0.138228199042303
  }
}